Primer Name	Sequence	Pool	Length	Tm	GC%	Start	End
covid19_1.5kb_1_LEFT	ACCAACCAACTTTCGATCTCTTGT	1	24	60.69	41.67	30	54
covid19_1.5kb_1_RIGHT	ATAGTGCGACCACCCTTACGAA	1	22	61.47	50	1476	1454
covid19_1.5kb_2_LEFT	CCACTTGCGAATTTTGTGGCAC	2	22	61.68	50	1280	1302
covid19_1.5kb_2_RIGHT	AGTAACCTTTGTTGGTGCACCG	2	22	61.58	50	2737	2715
covid19_1.5kb_3_LEFT	AGGAAGTTGTCTTGAAAACTGGTGA	1	25	60.81	40	2525	2550
covid19_1.5kb_3_RIGHT	CAGCGATCTTTTGTTCAACTTGCT	1	24	60.79	41.67	3878	3854
covid19_1.5kb_4_LEFT	TCAGCACGAAGTTCTACTTGCA	2	22	60.22	45.45	3681	3703
covid19_1.5kb_4_RIGHT	AGTTGGACCAAACTGTTGTCCA	2	22	60.29	45.45	5056	5034
covid19_1.5kb_5_LEFT	CCTATTCTGGACAATCTACACAACTAGG	1	28	60.89	42.86	4808	4836
covid19_1.5kb_5_RIGHT	GATTATCCATTCCCTGCGCGTC	1	22	61.75	54.55	6380	6358
covid19_1.5kb_6_LEFT	TGGCTATTGATTATAAACACTACACACCC	2	29	61.49	37.93	6167	6196
covid19_1.5kb_6_RIGHT	ACTGTAGTGACAAGTCTCTCGCA	2	23	61.3	47.83	7694	7671
covid19_1.5kb_7_LEFT	ATCAACTTGTATGATGTGTTACAAACGT	1	28	60.27	32.14	7482	7510
covid19_1.5kb_7_RIGHT	AATATCGTGCCAGGCAAACCAG	1	22	61.52	50	8886	8864
covid19_1.5kb_7_RIGHT_v2	AGTGTACTCTATAAGTTTTGATGGTGTGT	1	29	60.69	34.48	8954	8983
covid19_1.5kb_8_LEFT	ACAAGGCTATTGATGGTGGTGTC	2	23	60.87	47.83	8690	8713
covid19_1.5kb_8_RIGHT	AGCATGTCTTCAGAGGTGCAGA	2	22	61.68	50	10203	10181
covid19_1.5kb_9_LEFT	GTTCTTTACCAACCACCACAAACC	1	24	60.68	45.83	10006	10030
covid19_1.5kb_9_RIGHT	GTCCACACTCTCCTAGCACCAT	1	22	61.48	54.55	11394	11372
covid19_1.5kb_10_LEFT	ACCTTCTCTTGCCACTGTAGCT	2	22	61.35	50	11187	11209
covid19_1.5kb_10_RIGHT	TCTGTCGTAGTGCAACAGGACT	2	22	61.33	50	12719	12697
covid19_1.5kb_11_LEFT	TGGTACAACATTTACTTATGCATCAGC	1	27	60.42	37.04	12519	12546
covid19_1.5kb_11_RIGHT	AATACCAGCATTTCGCATGGCA	1	22	61.53	45.45	14043	14021
covid19_1.5kb_12_LEFT	GGCATTTTGATGAAGGTAATTGTGACA	2	27	61	37.04	13834	13861
covid19_1.5kb_12_RIGHT	AACATGTTGTGCCAACCACCAT	2	22	61.55	45.45	15245	15223
covid19_1.5kb_12_RIGHT_v2	AGTGCATTAACATTGGCCGTGA	2	22	61.14	45.45	15538	15560
covid19_1.5kb_13_LEFT	ACGTAATGTCATCCCTACTATAACTCAAA	1	29	60.18	34.48	15035	15064
covid19_1.5kb_13_RIGHT	ACAACCTGGAGCATTGCAAACA	1	22	61.54	45.45	16401	16379
covid19_1.5kb_14_LEFT	TGAGGCTATGTACACACCGCAT	2	22	61.8	50	16202	16224
covid19_1.5kb_14_RIGHT	CCGAGGAACATGTCTGGACCTA	2	22	61.21	54.55	17552	17530
covid19_1.5kb_15_LEFT	TCTTTGATGAAATTTCAATGGCCACA	1	26	60.46	34.62	17350	17376
covid19_1.5kb_15_RIGHT	TGTCTGAAGCAGTGGAAAAGCA	1	22	60.68	45.45	18706	18684
covid19_1.5kb_16_LEFT	GGACTTCCTTGGAATGTAGTGCG	2	23	61.48	52.17	18504	18527
covid19_1.5kb_16_RIGHT	CAGTGAGTGGTGCACAAATCGT	2	22	61.63	50	19981	19959
covid19_1.5kb_17_LEFT	AATGTAGCATTTGAGCTTTGGGC	1	23	60.37	43.48	19773	19796
covid19_1.5kb_17_RIGHT	TAACAAAGGCTGTCCACCATGC	1	22	61.4	50	21241	21219
covid19_1.5kb_18_LEFT	GGATCTCATTATTAGTGATATGTACGACCC	2	30	61.07	40	21029	21059
covid19_1.5kb_18_RIGHT	GGTCAAGTGCACAGTCTACAGC	2	22	61.44	54.55	22445	22423
covid19_1.5kb_19_LEFT	TGGTAGATTTGCCAATAGGTATTAACATCA	1	30	61.04	33.33	22238	22268
covid19_1.5kb_19_RIGHT	TGACTAGCTACACTACGTGCCC	1	22	61.52	54.55	23631	23609
covid19_1.5kb_20_LEFT	AGTCCCTGTTGCTATTCATGCA	2	22	60.03	45.45	23418	23440
covid19_1.5kb_20_RIGHT	CATGACAAATGGCAGGAGCAGT	2	22	61.46	50	24812	24790
covid19_1.5kb_21_LEFT	AGCTGCAGAAATCAGAGCTTCT	1	22	60.03	45.45	24603	24625
covid19_1.5kb_21_RIGHT	ACATGTTCAACACCAGTGTCTGT	1	23	60.62	43.48	26075	26052
covid19_1.5kb_22_LEFT	TGCTGGCATACTAATTGTTACGACT	2	25	60.63	40	25833	25858
covid19_1.5kb_22_RIGHT	TCAATCTCCATTGGTTGCTCTTCA	2	24	60.51	41.67	27383	27359
covid19_1.5kb_23_LEFT	TGCTTTGCTTGTACAGTAAGTGACA	1	25	61.14	40	27172	27197
covid19_1.5kb_23_RIGHT	TAGCACCATAGGGAAGTCCAGC	1	22	61.55	54.55	28649	28627
covid19_1.5kb_24_LEFT	GGCCCCAAGGTTTACCCAATAA	2	22	60.56	50	28394	28416
covid19_1.5kb_24_RIGHT	TAGGCAGCTCTCCCTAGCATTG	2	22	61.61	54.55	29790	29768
